Analytics,Python,LinkedIn,Pandas
https://open.gsa.gov/api/dap/,https://www.python.org/psf/,https://www.linkedin.com/pulse/topics/home/?trk=guest_homepage-basic_guest_nav_menu_articles,https://stackoverflow.com/questions/tagged/pandas
https://analytics.usa.gov/data/live/top-10000-domains-30-days.csv,https://docs.python.org,https://www.linkedin.com/pub/dir/+/+?trk=guest_homepage-basic_guest_nav_menu_people,https://www.python.org
https://digital.gov/guides/dap/,https://pypi.org/,https://www.linkedin.com/learning/search?trk=guest_homepage-basic_guest_nav_menu_learning,https://stackoverflow.com/questions/tagged/pandas
https://open.gsa.gov/api/dap/,https://psfmember.org/civicrm/contribute/transact?reset=1&id=2,https://www.linkedin.com/jobs/search?trk=guest_homepage-basic_guest_nav_menu_jobs,https://numfocus.org/
https://github.com/18F/analytics.usa.gov/issues,https://www.linkedin.com/company/python-software-foundation/,https://www.linkedin.com/signup?trk=guest_homepage-basic_nav-header-join,https://www.twosigma.com/
https://github.com/18F/analytics.usa.gov,https://fosstodon.org/@ThePSF,https://www.linkedin.com/login?fromSignIn=true&trk=guest_homepage-basic_nav-header-signin,https://voltrondata.com/
https://github.com/18F/analytics-reporter,https://twitter.com/ThePSF,https://www.linkedin.com/uas/request-password-reset?trk=homepage-basic_forgot_password,https://www.coiled.io
https://digital.gov/guides/dap/,http://brochure.getpython.info/,https://www.linkedin.com/signup,https://quansight.com/
https://www.gsa.gov/about-us,https://docs.python.org/3/license.html,https://www.linkedin.com/pulse/topics/marketing-s2461/,https://www.nvidia.com
https://www.gsa.gov/website-information/accessibility-statement,https://wiki.python.org/moin/BeginnersGuide,https://www.linkedin.com/pulse/topics/public-administration-s3697/,https://www.intel.com/
https://www.gsa.gov/reference/freedom-of-information-act-foia,https://devguide.python.org/,https://www.linkedin.com/pulse/topics/healthcare-s282/,https://tidelift.com
https://www.gsa.gov/reference/civil-rights-programs/the-no-fear-act,https://docs.python.org/faq/,https://www.linkedin.com/pulse/topics/engineering-s166/,https://chanzuckerberg.com/
https://www.gsaig.gov/,http://wiki.python.org/moin/Languages,https://www.linkedin.com/pulse/topics/it-services-s57547/,https://www.bodo.ai/
https://www.gsa.gov/reference/reports/budget-performance,https://peps.python.org,https://www.linkedin.com/pulse/topics/sustainability-s932/,https://github.com/pandas-dev/pandas/releases/download/v2.2.2/pandas-2.2.2.tar.gz
https://www.gsa.gov/website-information/website-policies,https://wiki.python.org/moin/PythonBooks,https://www.linkedin.com/pulse/topics/business-administration-s50111/,https://t.me/s/pandas_dev
https://www.usa.gov/,https://wiki.python.org/moin/,https://www.linkedin.com/pulse/topics/telecommunications-s314/,https://fosstodon.org/@pandas_dev
,http://pyfound.blogspot.com/,https://www.linkedin.com/pulse/topics/hr-management-s50359/,https://twitter.com/pandas_dev/
,http://pycon.blogspot.com/,https://www.linkedin.com/pulse/topics/home/,https://amzn.to/3DyLaJc
,http://planetpython.org/,https://www.linkedin.com/jobs/engineering-jobs-west-chicago-il?trk=homepage-basic_suggested-search,https://store.metasnake.com/effective-pandas-book/lhte7
,https://wiki.python.org/moin/PythonEventsCalendar#Submitting_an_Event,https://www.linkedin.com/jobs/business-development-jobs-west-chicago-il?trk=homepage-basic_suggested-search,https://pandas.pydata.org/pandas-docs/stable/whatsnew/v2.1.4.html
,http://docs.python.org/3/tutorial/introduction.html#using-python-as-a-calculator,https://www.linkedin.com/jobs/finance-jobs-west-chicago-il?trk=homepage-basic_suggested-search,https://pandas.pydata.org/pandas-docs/version/2.1.4/
,https://docs.python.org,https://www.linkedin.com/jobs/administrative-assistant-jobs-west-chicago-il?trk=homepage-basic_suggested-search,https://github.com/pandas-dev/pandas/releases/download/v2.1.4/pandas-2.1.4.tar.gz
,https://blog.python.org,https://www.linkedin.com/jobs/retail-associate-jobs-west-chicago-il?trk=homepage-basic_suggested-search,https://pandas.pydata.org/pandas-docs/stable/whatsnew/v2.0.3.html
,https://pyfound.blogspot.com/2024/04/announcing-python-software-foundation.html,https://www.linkedin.com/jobs/customer-service-jobs-west-chicago-il?trk=homepage-basic_suggested-search,https://pandas.pydata.org/pandas-docs/version/2.0.3/
,https://pythoninsider.blogspot.com/2024/04/python-3123-and-3130a6-released.html,https://www.linkedin.com/jobs/operations-jobs-west-chicago-il?trk=homepage-basic_suggested-search,https://github.com/pandas-dev/pandas/releases/download/v2.0.3/pandas-2.0.3.tar.gz
,https://pythoninsider.blogspot.com/2024/04/python-3119-is-now-available.html,https://www.linkedin.com/jobs/information-technology-jobs-west-chicago-il?trk=homepage-basic_suggested-search,https://pandas.pydata.org/pandas-docs/stable/whatsnew/v1.5.3.html
,https://mailchi.mp/python/python-software-foundation-december-2023-newsletter-15957293,https://www.linkedin.com/jobs/marketing-jobs-west-chicago-il?trk=homepage-basic_suggested-search,https://pandas.pydata.org/pandas-docs/version/1.5.3/
,https://pyfound.blogspot.com/2024/04/new-open-initiative-for-cybersecurity.html,https://www.linkedin.com/jobs/human-resources-jobs-west-chicago-il?trk=homepage-basic_suggested-search,https://github.com/pandas-dev/pandas/releases/download/v1.5.3/pandas-1.5.3.tar.gz
,http://www.djangoproject.com/,https://www.linkedin.com/jobs/healthcare-services-jobs-west-chicago-il?trk=homepage-basic_suggested-search,https://pandas.pydata.org/pandas-docs/stable/whatsnew/v1.4.4.html
,http://www.pylonsproject.org/,https://www.linkedin.com/jobs/sales-jobs-west-chicago-il?trk=homepage-basic_suggested-search,https://pandas.pydata.org/pandas-docs/version/1.4.4/
,http://bottlepy.org,https://www.linkedin.com/jobs/program-and-project-management-jobs-west-chicago-il?trk=homepage-basic_suggested-search,https://github.com/pandas-dev/pandas/releases/download/v1.4.4/pandas-1.4.4.tar.gz
,http://tornadoweb.org,https://www.linkedin.com/jobs/accounting-jobs-west-chicago-il?trk=homepage-basic_suggested-search,https://pandas.pydata.org/pandas-docs/stable/whatsnew/v1.3.5.html
,http://flask.pocoo.org/,https://www.linkedin.com/jobs/arts-and-design-jobs-west-chicago-il?trk=homepage-basic_suggested-search,https://pandas.pydata.org/pandas-docs/version/1.3.5/
,http://www.web2py.com/,https://www.linkedin.com/jobs/community-and-social-services-jobs-west-chicago-il?trk=homepage-basic_suggested-search,https://github.com/pandas-dev/pandas/releases/download/v1.3.5/pandas-1.3.5.tar.gz
,http://wiki.python.org/moin/TkInter,https://www.linkedin.com/jobs/consulting-jobs-west-chicago-il?trk=homepage-basic_suggested-search,https://t.me/s/pandas_dev
,https://wiki.gnome.org/Projects/PyGObject,https://www.linkedin.com/jobs/education-jobs-west-chicago-il?trk=homepage-basic_suggested-search,https://fosstodon.org/@pandas_dev
,http://www.riverbankcomputing.co.uk/software/pyqt/intro,https://www.linkedin.com/jobs/entrepreneurship-jobs-west-chicago-il?trk=homepage-basic_suggested-search,https://twitter.com/pandas_dev/
,https://wiki.qt.io/PySide,https://www.linkedin.com/jobs/legal-jobs-west-chicago-il?trk=homepage-basic_suggested-search,https://github.com/pandas-dev/pandas/
,https://kivy.org/,https://www.linkedin.com/jobs/media-and-communications-jobs-west-chicago-il?trk=homepage-basic_suggested-search,https://stackoverflow.com/questions/tagged/pandas
,http://www.wxpython.org/,https://www.linkedin.com/jobs/military-and-protective-services-jobs-west-chicago-il?trk=homepage-basic_suggested-search,https://numfocus.org
,https://dearpygui.readthedocs.io/en/latest/,https://www.linkedin.com/jobs/product-management-jobs-west-chicago-il?trk=homepage-basic_suggested-search,https://www.ovhcloud.com
,http://www.scipy.org,https://www.linkedin.com/jobs/purchasing-jobs-west-chicago-il?trk=homepage-basic_suggested-search,
,http://pandas.pydata.org/,https://www.linkedin.com/jobs/quality-assurance-jobs-west-chicago-il?trk=homepage-basic_suggested-search,
,http://ipython.org,https://www.linkedin.com/jobs/real-estate-jobs-west-chicago-il?trk=homepage-basic_suggested-search,
,http://buildbot.net/,https://www.linkedin.com/jobs/research-jobs-west-chicago-il?trk=homepage-basic_suggested-search,
,http://trac.edgewall.org/,https://www.linkedin.com/jobs/support-jobs-west-chicago-il?trk=homepage-basic_suggested-search,
,http://roundup.sourceforge.net/,https://www.linkedin.com/jobs/administrative-jobs-west-chicago-il?trk=homepage-basic_suggested-search,
,http://www.ansible.com,https://www.linkedin.com/talent/post-a-job?trk=homepage-basic_talent-finder-cta,
,https://saltproject.io,https://www.linkedin.com/products/categories/e-commerce-platforms,
,https://www.openstack.org,https://www.linkedin.com/products/categories/customer-relationship-management-software,
,https://xon.sh,https://www.linkedin.com/products/categories/human-resources-management-systems,
,http://brochure.getpython.info/,https://www.linkedin.com/products/categories/recruiting-software,
,https://docs.python.org/3/license.html,https://www.linkedin.com/products/categories/sales-intelligence-software,
,https://wiki.python.org/moin/BeginnersGuide,https://www.linkedin.com/products/categories/project-management-software,
,https://devguide.python.org/,https://www.linkedin.com/products/categories/help-desk-software,
,https://docs.python.org/faq/,https://www.linkedin.com/products/categories/social-networking-software,
,http://wiki.python.org/moin/Languages,https://www.linkedin.com/products/categories/desktop-publishing-software,
,https://peps.python.org,https://www.linkedin.com/products/home,
,https://wiki.python.org/moin/PythonBooks,https://www.linkedin.com/pub/dir/+/+?trk=homepage-basic,
,https://wiki.python.org/moin/,https://www.linkedin.com/learning/topics/business-analysis-and-strategy?trk=homepage-basic_learning-cta,
,http://pyfound.blogspot.com/,https://www.linkedin.com/learning/topics/business-software-and-tools?trk=homepage-basic_learning-cta,
,http://pycon.blogspot.com/,https://www.linkedin.com/learning/topics/career-development-5?trk=homepage-basic_learning-cta,
,http://planetpython.org/,https://www.linkedin.com/learning/topics/customer-service-3?trk=homepage-basic_learning-cta,
,https://wiki.python.org/moin/PythonEventsCalendar#Submitting_an_Event,https://www.linkedin.com/learning/topics/diversity-equity-and-inclusion-dei?trk=homepage-basic_learning-cta,
,https://devguide.python.org/,https://www.linkedin.com/learning/topics/finance-and-accounting?trk=homepage-basic_learning-cta,
,https://github.com/python/cpython/issues,https://www.linkedin.com/learning/topics/human-resources-3?trk=homepage-basic_learning-cta,
,https://mail.python.org/mailman/listinfo/python-dev,https://www.linkedin.com/learning/topics/leadership-and-management?trk=homepage-basic_learning-cta,
,https://github.com/python/pythondotorg/issues,https://www.linkedin.com/learning/topics/marketing-2?trk=homepage-basic_learning-cta,
,https://status.python.org/,https://www.linkedin.com/learning/topics/professional-development?trk=homepage-basic_learning-cta,
,,https://www.linkedin.com/learning/topics/project-management?trk=homepage-basic_learning-cta,
,,https://www.linkedin.com/learning/topics/sales-3?trk=homepage-basic_learning-cta,
,,https://www.linkedin.com/learning/topics/small-business-and-entrepreneurship?trk=homepage-basic_learning-cta,
,,https://www.linkedin.com/learning/topics/training-and-education?trk=homepage-basic_learning-cta,
,,https://www.linkedin.com/learning/topics/aec?trk=homepage-basic_learning-cta,
,,https://www.linkedin.com/learning/topics/animation-and-illustration?trk=homepage-basic_learning-cta,
,,https://www.linkedin.com/learning/topics/audio-and-music?trk=homepage-basic_learning-cta,
,,https://www.linkedin.com/learning/topics/graphic-design?trk=homepage-basic_learning-cta,
,,https://www.linkedin.com/learning/topics/motion-graphics-and-vfx?trk=homepage-basic_learning-cta,
,,https://www.linkedin.com/learning/topics/photography-2?trk=homepage-basic_learning-cta,
,,https://www.linkedin.com/learning/topics/product-and-manufacturing?trk=homepage-basic_learning-cta,
,,https://www.linkedin.com/learning/topics/user-experience?trk=homepage-basic_learning-cta,
,,https://www.linkedin.com/learning/topics/video-2?trk=homepage-basic_learning-cta,
,,https://www.linkedin.com/learning/topics/visualization-and-real-time?trk=homepage-basic_learning-cta,
,,https://www.linkedin.com/learning/topics/web-design?trk=homepage-basic_learning-cta,
,,https://www.linkedin.com/learning/topics/artificial-intelligence?trk=homepage-basic_learning-cta,
,,https://www.linkedin.com/learning/topics/cloud-computing-5?trk=homepage-basic_learning-cta,
,,https://www.linkedin.com/learning/topics/data-science?trk=homepage-basic_learning-cta,
,,https://www.linkedin.com/learning/topics/database-management?trk=homepage-basic_learning-cta,
,,https://www.linkedin.com/learning/topics/devops?trk=homepage-basic_learning-cta,
,,https://www.linkedin.com/learning/topics/hardware?trk=homepage-basic_learning-cta,
,,https://www.linkedin.com/learning/topics/it-help-desk-5?trk=homepage-basic_learning-cta,
,,https://www.linkedin.com/learning/topics/mobile-development?trk=homepage-basic_learning-cta,
,,https://www.linkedin.com/learning/topics/network-and-system-administration?trk=homepage-basic_learning-cta,
,,https://www.linkedin.com/learning/topics/security-3?trk=homepage-basic_learning-cta,
,,https://www.linkedin.com/learning/topics/software-development?trk=homepage-basic_learning-cta,
,,https://www.linkedin.com/learning/topics/web-development?trk=homepage-basic_learning-cta,
,,https://www.linkedin.com/pub/dir/+/+?trk=homepage-basic_brand-discovery_intent-module-firstBtn,
,,https://www.linkedin.com/jobs/jobs-in-west-chicago-il?trk=homepage-basic_brand-discovery_intent-module-secondBtn,
,,https://www.linkedin.com/learning/search?trk=homepage-basic_brand-discovery_intent-module-thirdBtn,
,,https://www.linkedin.com/signup?trk=homepage-basic_join-cta,
,,https://www.linkedin.com/signup?trk=guest_homepage-basic_directory,
,,https://www.linkedin.com/help/linkedin?lang=en&trk=homepage-basic_directory_helpCenterUrl,
,,https://about.linkedin.com/?trk=homepage-basic_directory_aboutUrl,
,,https://press.linkedin.com/?trk=homepage-basic_directory_pressMicrositeUrl,
,,https://blog.linkedin.com/?trk=homepage-basic_directory_blogMicrositeUrl,
,,https://www.linkedin.com/company/linkedin/jobs?trk=homepage-basic_directory_careersUrl,
,,https://developer.linkedin.com/?trk=homepage-basic_directory_developerMicrositeUrl,
,,https://www.linkedin.com/learning/?trk=homepage-basic_directory_learningHomeUrl,
,,https://www.linkedin.com/jobs?trk=homepage-basic_directory_jobsHomeUrl,
,,https://www.linkedin.com/salary/?trk=homepage-basic_directory_salaryHomeUrl,
,,https://mobile.linkedin.com/?trk=homepage-basic_directory_mobileMicrositeUrl,
,,https://www.linkedin.com/services?trk=homepage-basic_directory_servicesHomeUrl,
,,https://www.linkedin.com/products?trk=homepage-basic_directory_productsHomeUrl,
,,https://www.linkedin.com/hubs/top-companies/?trk=homepage-basic_directory_topCompaniesHubHomeUrl,
,,https://business.linkedin.com/talent-solutions?src=li-footer&utm_source=linkedin&utm_medium=footer&trk=homepage-basic_directory_talentSolutionsMicrositeUrl,
,,https://business.linkedin.com/marketing-solutions?src=li-footer&utm_source=linkedin&utm_medium=footer&trk=homepage-basic_directory_marketingSolutionsMicrositeUrl,
,,https://business.linkedin.com/sales-solutions?src=li-footer&utm_source=linkedin&utm_medium=footer&trk=homepage-basic_directory_salesSolutionsMicrositeUrl,
,,https://learning.linkedin.com/?src=li-footer&trk=homepage-basic_directory_learningMicrositeUrl,
,,https://www.linkedin.com/directory/people?trk=homepage-basic_directory_peopleDirectoryUrl,
,,https://www.linkedin.com/directory/jobs?trk=homepage-basic_directory_jobSearchDirectoryUrl,
,,https://www.linkedin.com/directory/companies?trk=homepage-basic_directory_companyDirectoryUrl,
,,https://www.linkedin.com/directory/featured?trk=homepage-basic_directory_featuredDirectoryUrl,
,,https://www.linkedin.com/directory/learning?trk=homepage-basic_directory_learningDirectoryUrl,
,,https://www.linkedin.com/directory/posts?trk=homepage-basic_directory_postsDirectoryUrl,
,,https://www.linkedin.com/directory/articles?trk=homepage-basic_directory_articlesDirectoryUrl,
,,https://www.linkedin.com/directory/schools?trk=homepage-basic_directory_schoolsDirectoryUrl,
,,https://www.linkedin.com/directory/news?trk=homepage-basic_directory_newsDirectoryUrl,
,,https://www.linkedin.com/directory/newsletters?trk=homepage-basic_directory_newslettersDirectoryUrl,
,,https://www.linkedin.com/directory/services?trk=homepage-basic_directory_servicesDirectoryUrl,
,,https://www.linkedin.com/directory/products?trk=homepage-basic_directory_productsDirectoryUrl,
,,https://www.linkedin.com/directory/advice?trk=homepage-basic_directory_adviceDirectoryUrl,
,,https://www.linkedin.com/directory/people-search?trk=homepage-basic_directory_peopleSearchDirectoryUrl,
,,https://about.linkedin.com?trk=homepage-basic_footer-about,
,,https://www.linkedin.com/accessibility?trk=homepage-basic_footer-accessibility,
,,https://www.linkedin.com/legal/user-agreement?trk=homepage-basic_footer-user-agreement,
,,https://www.linkedin.com/legal/privacy-policy?trk=homepage-basic_footer-privacy-policy,
,,https://www.linkedin.com/legal/california-privacy-disclosure?trk=homepage-basic_footer-california-privacy-rights-act,
,,https://www.linkedin.com/legal/cookie-policy?trk=homepage-basic_footer-cookie-policy,
,,https://www.linkedin.com/legal/copyright-policy?trk=homepage-basic_footer-copyright-policy,
,,https://brand.linkedin.com/policies?trk=homepage-basic_footer-brand-policy,
,,https://www.linkedin.com/psettings/guest-controls?trk=homepage-basic_footer-guest-controls,
,,https://www.linkedin.com/legal/professional-community-policies?trk=homepage-basic_footer-community-guide,
